,0
0,https://blog.naver.com/unheimlich1/222192547494
1,https://blog.naver.com/choisyzzz/222192606190
2,https://blog.naver.com/san_i1002/222192604007
3,https://blog.naver.com/ajs7795/222192542424
4,https://blog.naver.com/kahntata/222192481174
5,https://blog.naver.com/holooks/222193011439
6,https://blog.naver.com/jinnkam/222192577430
7,https://blog.naver.com/kejldh0920/222192631869
8,https://blog.naver.com/stylishellya/222192855566
9,https://blog.naver.com/dadaggang/222192731932
10,https://blog.naver.com/pancakewestzero/222192486423
11,https://blog.naver.com/uni7249/222191531869
12,https://blog.naver.com/2_sini/222192868506
13,https://blog.naver.com/glass569/222192679817
14,https://blog.naver.com/neneneee/222192113073
15,https://blog.naver.com/ellyz_note/222192616086
16,https://blog.naver.com/endless13/222192680898
17,https://blog.naver.com/segi4478/222192230680
18,https://blog.naver.com/donick80/222192694732
19,https://blog.naver.com/infinish0717/222192797739
20,https://blog.naver.com/oak911/222192149879
21,https://blog.naver.com/me831221/222192562474
22,https://blog.naver.com/qlslqlsl0513/222192970228
23,https://blog.naver.com/blaze_terran/222184213766
24,https://blog.naver.com/mjhappylife/222192475613
25,https://monjae.tistory.com/entry/%EB%AA%AC%EC%9E%AC-%EB%8D%B0%EC%9D%BC%EB%A6%AC%EB%A3%A9-%ED%94%84%EB%A6%AC%EC%A6%98%EC%9C%85%EC%8A%A4-%EC%BD%94%EB%93%80%EB%A1%9C%EC%9D%B4-%ED%8C%A8%EB%94%A9-%ED%8F%B4%EB%A1%9C-%EB%B2%A0%EC%96%B4-%ED%95%98%ED%94%84%EC%A7%91%EC%97%85-%EB%AC%B4%EC%8B%A0%EC%82%AC-%EC%8A%A4%ED%83%A0%EB%8B%A4%EB%93%9C-%EC%99%80%EC%9D%B4%EB%93%9C-%EC%8A%AC%EB%9E%99%EC%8A%A4-%EB%9D%BC%ED%94%84%EC%8B%9C%EB%AA%AC%EC%8A%A4-%EB%89%B4%EB%9F%AC%EB%84%88
26,https://blog.naver.com/bookbox1234/222192675383
27,https://blog.naver.com/zigoyofifa/222191550517
28,https://blog.naver.com/jjitt_/222192490434
29,https://blog.naver.com/khs1023567/222190711731
30,https://blog.naver.com/logos/222192220455
31,https://blog.naver.com/mmmikkki0415/222192323263
32,https://blog.naver.com/johwo5115/222193062868
33,https://blog.naver.com/bono5927/222192574538
34,https://en-fashionary.tistory.com/3117
35,https://blog.naver.com/torowe/222192195141
36,https://blog.naver.com/bangwul92/222187589959
37,https://blog.naver.com/minggg0410/222193040805
38,https://blog.naver.com/nuri-0-/222192600460
39,https://blog.naver.com/okokmin1121/222192872216
40,https://blog.naver.com/missitaly/222192307970
41,https://blog.naver.com/sweetrain_v/222192148218
42,https://blog.naver.com/k97310/222192172357
43,https://blog.naver.com/cwmylee/222192497679
44,https://blog.naver.com/2005a/222192655439
45,https://blog.naver.com/jaeminjake/222192304466
46,https://blog.naver.com/dearus7/222192277132
47,https://blog.naver.com/kww9186/222192784750
48,https://blog.naver.com/edu8989/222191425783
49,https://blog.naver.com/daramjuo/222192280469
50,https://blog.naver.com/rosedays2930/222192319625
51,https://blog.naver.com/chelsealondon11/222192135966
52,https://blog.naver.com/manish4857/222192392145
53,https://blog.naver.com/kzmoei/222192612873
54,https://blog.naver.com/codenuit/222192672738
55,https://blog.naver.com/cooljay7/222192718837
56,https://blog.naver.com/aroma117/222192178788
57,https://blog.naver.com/pepekjin/222192694022
58,https://blog.naver.com/whtjsdud4256/222192858760
59,https://blog.naver.com/nichtssein/222192873830
60,https://blog.naver.com/imjinwung/222193080880
61,https://blog.naver.com/kidjina1998/222192612399
62,https://blog.naver.com/jye_log/222192972350
63,https://blog.naver.com/thetenant/222192491392
64,https://blog.naver.com/hanmajin/222180928671
65,https://blog.naver.com/domusitaliamia/222192306803
66,https://blog.naver.com/ckk_319/222147035601
67,https://blog.naver.com/ktiti8845/222192447142
68,https://blog.naver.com/nadrm6742/222192165992
69,https://blog.naver.com/alley_world/222192599519
70,https://blog.naver.com/donghan0424/222192416516
71,https://blog.naver.com/tmishaha/222192480032
72,https://blog.naver.com/gkehr23/222192331295
73,https://blog.naver.com/nenei8421/222192661493
74,https://blog.naver.com/sooooong2/222192894508
75,https://blog.naver.com/dkals0323/222192506008
76,https://blog.naver.com/kimg0603/222192249025
77,https://blog.naver.com/ganjiboarder/222193080368
78,https://blog.naver.com/daegusbs/222191707177
79,https://blog.naver.com/studio1995/222192763727
80,https://blog.naver.com/ehdwlwnr/222192270972
81,https://blog.naver.com/ssofm0618/222192905090
82,https://fashion-info-here.tistory.com/1439
83,https://blog.naver.com/tjgksdnf5959/222192599156
84,https://blog.naver.com/cuteju214/222192945433
85,https://blog.naver.com/galam0703/222192905160
86,https://blog.naver.com/28_1010/222192919548
87,https://blog.naver.com/young_es/222192568021
88,https://blog.naver.com/turquoise_cloud/222192843498
89,https://blog.naver.com/dhgocjf2029/222192357670
90,https://blog.naver.com/kisluvme/222192620689
91,https://blog.naver.com/redrabbit9/222193037981
92,https://blog.naver.com/slowmoneyforyou/222192597439
93,https://blog.naver.com/earth-myself/222193058106
94,https://blog.naver.com/ki2030511/222192163514
95,https://blog.naver.com/hoolove1743/222192195643
96,https://blog.naver.com/sorim119/222192913959
97,https://blog.naver.com/sanda98/222192682450
98,https://blog.naver.com/ynk5789/222192602196
99,https://blog.naver.com/peopleteria/222192519703
100,https://blog.naver.com/sh4682sh/222192727374
101,https://blog.naver.com/spacepolis/222192730550
102,https://blog.naver.com/happy-taihee/222192841442
103,https://blog.naver.com/iron7207/222192605151
104,https://blog.naver.com/happyraily/222192358036
105,https://blog.naver.com/alsrud7877/222192330725
106,https://blog.naver.com/wodusdbs/222192780315
107,https://blog.naver.com/tto7791/222192464118
108,http://blog.yes24.com/blog/blogMain.aspx?blogid=sj1118&artSeqNo=13570706
109,https://blog.naver.com/skfkdj_333/222192937522
110,https://blog.naver.com/logindalok/222192507567
111,https://blog.naver.com/bublebudle22/222192812904
112,https://blog.naver.com/asolique/222193058246
113,https://blog.naver.com/wl4752/222192917916
114,https://blog.naver.com/sung_431/222190669994
115,https://blog.naver.com/kimhyoryeon/222192646423
116,https://blog.naver.com/mgold7347/222192679538
117,https://blog.naver.com/tong5438/222192978865
118,https://blog.naver.com/ntestep/222193057572
119,https://blog.naver.com/qhtmd16/222192532252
120,https://blog.naver.com/iammuchbetter/222192227934
121,https://blog.naver.com/qthjk7/222192657024
122,https://blog.naver.com/harunohibi_/222192731173
123,https://blog.naver.com/mhk5273/222192872901
124,https://blog.naver.com/elleest486/222192546414
125,https://blog.naver.com/jiw707/222192461658
126,https://blog.naver.com/rim1476/222192428821
127,https://blog.naver.com/gentlebaek/222192855931
128,https://blog.naver.com/huunyc/222192729488
129,https://blog.naver.com/nhn1018/222192598522
130,https://blog.naver.com/myojinx/222192784326
131,https://blog.naver.com/pink5835/222192243317
132,https://blog.naver.com/glassysn/222192463401
133,https://blog.naver.com/jeromrum13/222192215601
134,https://blog.naver.com/8mmm8/222192620392
135,https://blog.naver.com/hatben/222192809964
136,https://blog.naver.com/page6006/222192558110
137,https://blog.naver.com/wahee0129/222191085866
138,https://blog.naver.com/merbei/222192466183
139,https://blog.naver.com/dmsghks9999/222192452527
140,https://blog.naver.com/cute3515/222192712807
141,https://blog.naver.com/qkrwjdqls98/222192542386
142,https://blog.naver.com/kisun0418/222192686589
143,https://blog.naver.com/penthouseshop/222192534957
144,https://blog.naver.com/meuangg/222192858808
145,https://blog.naver.com/shine0207/222192870236
146,https://blog.naver.com/s2_201/222192654236
147,https://blog.naver.com/kyung_style/222192820878
148,https://blog.naver.com/tree1050/222192554534
149,https://blog.naver.com/backsoul99/222193022380
150,https://blog.naver.com/cocojoy/222192715072
151,https://blog.naver.com/sorim119/222192903940
152,https://blog.naver.com/dnrud2000/222192876896
153,https://blog.naver.com/ljw1998/222192457838
154,https://blog.naver.com/kungthouin/222192571292
155,https://blog.naver.com/ho1304/222192113944
156,https://blog.naver.com/wedred/222191580431
157,https://blog.naver.com/godsky0317/222192604796
158,https://blog.naver.com/tenten7556/222192633985
159,https://blog.naver.com/racerpanda/222193011632
160,https://blog.naver.com/woocat0204/222190482070
161,https://blog.naver.com/hoopi413/222193018194
162,https://blog.naver.com/miranda1030/222193020400
163,https://blog.naver.com/forevermilk2/222192414845
164,https://blog.naver.com/gamsj/222193079893
165,https://blog.naver.com/picture5454/222192257137
166,https://blog.naver.com/shihtzu98/222192391924
167,https://blog.naver.com/kang14768/222192834764
168,https://blog.naver.com/dudal7142/222192973659
169,https://blog.naver.com/fcoverbong/222192582070
170,https://blog.naver.com/jr0668/222192363201
171,https://blog.naver.com/endless13/222192573520
172,https://blog.naver.com/wpqlrhfl8323/222192608812
173,https://blog.naver.com/donghoac/222192524079
174,https://blog.naver.com/nichtssein/222192871004
175,https://blog.naver.com/wldbs8483/222192994399
176,https://blog.naver.com/dearus7/222192301480
177,https://blog.naver.com/julie6060/222192184960
178,https://blog.naver.com/cool1962/222191739031
179,https://blog.naver.com/oliviaseo88/222192301146
180,https://blog.naver.com/95ert/222193049001
181,https://blog.naver.com/no1_dreams_come_true/222192650569
182,https://blog.naver.com/tjswjddh52/222192641905
183,https://blog.naver.com/jungmin0323/222192724314
184,https://blog.naver.com/nautralove/222192797315
185,https://blog.naver.com/busantravel1/222192908928
186,https://sarogoo.tistory.com/478
187,https://blog.naver.com/ossony10/222192743791
188,https://blog.naver.com/buming25/222192784402
189,https://blog.naver.com/tae1504/222192461285
190,https://blog.naver.com/lahomme3/222192864476
191,https://blog.naver.com/onlymin5/222192387528
192,https://blog.naver.com/miri_1201/222192472140
193,https://blog.naver.com/s2ahhas2/222192961863
194,https://blog.naver.com/gg12200/222192733162
195,https://blog.naver.com/ganagongsa11/222192634865
196,https://blog.naver.com/lemonpilates/222192529956
197,https://blog.naver.com/blingnas/222192639399
198,https://yoloload01.tistory.com/506
199,https://blog.naver.com/lliii0iiill/222192731765
200,https://blog.naver.com/paramore1018/222192577473
201,https://blog.naver.com/envely11/222192958605
202,https://blog.naver.com/eun800506/222190336789
203,https://blog.naver.com/boolkan77/222192664740
204,https://blog.naver.com/oddangzzigae/222192636422
205,https://blog.naver.com/mdlwntr/222192521876
206,https://blog.naver.com/panache_9/222192162262
207,https://blog.naver.com/thyoon55/222193079954
208,https://blog.naver.com/chanmi0129/222192705988
209,https://blog.naver.com/kkomozzi/222192766701
210,https://blog.naver.com/9chuck/222192817680
211,https://blog.naver.com/hyunn000/222192192366
212,https://blog.naver.com/bogo9090/222192540545
213,https://blog.naver.com/ksy990913/222192849227
214,https://blog.naver.com/gdfuture67/222192391501
215,https://blog.naver.com/hyeon-da/222192153335
216,https://blog.naver.com/rumi422/222192481049
217,https://blog.naver.com/hanschloejun/222192306209
218,https://blog.naver.com/gpal5305/222192127265
219,https://blog.naver.com/bmu00/222192731277
220,https://blog.naver.com/rnjs3691/222192146836
221,https://blog.naver.com/koko_yun/222192889609
222,https://blog.naver.com/auto6006/222192262332
223,https://blog.naver.com/jse9308/222192899486
224,https://blog.naver.com/twikiii/222192464921
225,https://blog.naver.com/tablestorystudio/222192336799
226,https://blog.naver.com/montemilano/222192194536
227,https://blog.naver.com/sowonish_/222192452907
228,https://blog.naver.com/sbdyrsbdyr87/222192750143
229,https://blog.naver.com/winter__j/222193035232
230,https://blog.naver.com/luluella3939/222192512322
231,https://off-fic.tistory.com/96
232,https://blog.naver.com/9002121/222192913817
233,https://doqin.tistory.com/8798
234,https://blog.naver.com/juy0726/222192246201
235,https://blog.naver.com/mrsstyles/222192998496
236,https://blog.naver.com/dennis0525/222192576460
237,https://blog.naver.com/bogo9090/222192841034
238,https://blog.naver.com/uuhni_on/222193044104
239,https://blog.naver.com/andyjohn/222192137728
240,https://blog.naver.com/jinsook2252/222192301128
241,https://blog.naver.com/amway_ulsan/222192627874
242,https://blog.naver.com/codms7717/222192592373
243,https://blog.naver.com/onlyqua/222192958821
244,https://blog.naver.com/wisecrew/222192854023
245,https://felkmt.tistory.com/3619
246,https://blog.naver.com/joooo0328/222192236708
247,https://blog.naver.com/hhkkhh11/222192687728
248,https://blog.naver.com/jmlim1009/222192311545
249,https://blog.naver.com/hyesoolee1225/222192965174
250,https://blog.naver.com/twonine99opt/222190412365
251,https://blog.naver.com/swnbk/222192645003
252,https://blog.naver.com/shinsukhwa/222192442102
253,https://blog.naver.com/ysr990702/222192681113
254,https://blog.naver.com/dickho/222193035910
255,https://blog.naver.com/ddul26/222192621186
256,https://blog.naver.com/starljw90/222193025963
257,https://blog.naver.com/teddyjieun/222192459402
258,https://blog.naver.com/dltjssh16/222192566891
259,https://blog.naver.com/areumy_/222191939664
260,https://blog.naver.com/dearus7/222192622895
261,https://blog.naver.com/s860719/222193043192
262,https://blog.naver.com/8906hk/222192624824
263,https://blog.naver.com/greenfish66/222192378810
264,https://blog.naver.com/ldh3178/222192214698
265,https://blog.naver.com/yjyh9293/222192654263
266,https://blog.naver.com/tmdrldi88/222192488128
267,https://blog.naver.com/siggle/222192482469
268,https://blog.naver.com/skqldhkdoqjf/222192276690
269,https://blog.naver.com/jfghk123/222192804107
270,https://blog.naver.com/happytogether0909/222192649247
271,https://blog.naver.com/hun4339/222192549492
272,https://blog.naver.com/tj2055/222192557078
273,https://blog.naver.com/sdbuyer/222192526281
274,https://blog.naver.com/jmin017/222192525959
275,https://blog.naver.com/tnrgid6877/222192528221
276,https://blog.naver.com/codnjs2006/222192143975
277,https://blog.naver.com/ettimo/222192499652
278,https://blog.naver.com/hong_juho7/222192487948
279,https://blog.naver.com/doraangela/222192135728
280,https://blog.naver.com/qthjk7/222192622264
281,https://blog.naver.com/psy7559/222192325218
282,https://blog.naver.com/alsn1121/222192225474
283,https://blog.naver.com/takisj/222192953801
284,https://blog.naver.com/ziuoo2020/222192472401
285,https://blog.naver.com/rokiandjin/222192157500
286,https://blog.naver.com/a_young93/222192457489
287,https://blog.naver.com/wldus2698/222192180949
288,https://blog.naver.com/lkh77777/222192991230
289,https://blog.naver.com/tjdbs0323/222191414620
290,https://blog.naver.com/dasoms2s2/222192228298
291,https://blog.naver.com/daige1004/222193005043
292,https://blog.naver.com/amaranth86/222192490007
293,https://blog.naver.com/sungnakil/222193052112
294,https://blog.naver.com/dudwns9492/222192325166
295,https://blog.naver.com/wldnjsdl1112/222192119020
296,https://blog.naver.com/hopefreedom/222192824045
297,https://blog.naver.com/cocoartin/222192940219
298,https://blog.naver.com/smh85/222192301427
299,https://blog.naver.com/blysong/222193045682
300,https://fashionlupe.tistory.com/6395
301,https://blog.naver.com/xiaonv44/222192212375
302,https://kimdirector.tistory.com/443
303,https://model.tistory.com/149
304,https://blog.naver.com/yuno1148/222192201899
305,https://blog.naver.com/lovelypigeon/222192882017
306,https://blog.naver.com/chocochip65/222192527105
307,https://blog.naver.com/ddul26/222192690827
308,https://blog.naver.com/herss0917/222192746099
309,https://blog.naver.com/atomummy/222192399839
310,https://blog.naver.com/dlqlcsk1030/222193054150
311,https://blog.naver.com/1js__/222192916688
312,https://blog.naver.com/jkj1723/222192782035
313,https://blog.naver.com/voicec/222192923131
314,https://blog.naver.com/nufreeksy/222192405294
315,https://blog.naver.com/ssoyazzoya/222192566610
316,https://blog.naver.com/tjguddnr12/222192403179
317,https://blog.naver.com/august96/222192718835
318,https://blog.naver.com/gcman/222191352064
319,https://blog.naver.com/dasoms2s2/222192829239
320,https://blog.naver.com/dyllis11/222192987346
321,https://blog.naver.com/bigroadman/222192576348
322,https://blog.naver.com/thetenant/222192493901
323,https://blog.naver.com/dlwngus1126/222192240618
324,https://blog.naver.com/minjizzzzzz/222192737434
325,https://blog.naver.com/7822lsy/222192243175
326,https://blog.naver.com/jhboo14/222192177864
327,https://blog.naver.com/joofahan/222192840681
328,https://blog.naver.com/candyvo91/222192604212
329,https://blog.naver.com/mmdcolor/222192606893
330,https://blog.naver.com/eyegentry8866/222191112072
331,https://blog.naver.com/monenene/222192891517
332,https://blog.naver.com/takeall11/222192382448
333,https://blog.naver.com/jgh369369/222192137663
334,https://blog.naver.com/1cntk/222192442965
335,https://blog.naver.com/k_saja/222192650926
336,https://blog.naver.com/passiondaddy1/222192651240
337,https://blog.naver.com/nichtssein/222192875930
338,https://blog.naver.com/iffu/222192366572
339,https://blog.naver.com/cloudiasky/222192566311
340,https://blog.naver.com/kmsy01/222192817612
341,https://blog.naver.com/vmflstptm412/222192482625
342,https://blog.naver.com/rlacofls63/222190596795
343,https://blog.naver.com/force_7/222192347985
344,https://blog.naver.com/zziyo_s2/222192815039
345,https://blog.naver.com/namse-zone/222192442359
346,https://blog.naver.com/qhtmd16/222192620741
347,https://blog.naver.com/whyranoo/222192160259
348,https://blog.naver.com/fkz02/222192338803
349,https://blog.naver.com/bye_pluto/222192422988
350,https://blog.naver.com/koomochi/222192596628
351,https://blog.naver.com/seeun5926/222192249852
352,https://blog.naver.com/luoai_22/222192840060
353,https://blog.naver.com/viola_lee/222193007873
354,https://blog.naver.com/ekdma0957/222189528781
355,https://blog.naver.com/qhtmd16/222192588064
356,https://blog.naver.com/cyjung80/222192148621
357,https://blog.naver.com/tibia_sa/222192231157
358,https://blog.naver.com/nnoorii/222192807108
359,https://blog.naver.com/juhye__/222192737474
360,https://blog.naver.com/somsatang040/222192999599
361,https://blog.naver.com/pzq1234/222192564299
362,https://blog.naver.com/dearus7/222192288564
363,https://kissmovie.tistory.com/341
364,https://blog.naver.com/lightcomes/222192271266
365,https://blog.naver.com/dsk03064/222192441743
366,https://blog.naver.com/audwnsdl456/222192854359
367,https://blog.naver.com/da5223/222192789511
368,https://blog.naver.com/scent9193/222192543354
369,https://blog.naver.com/bank067/222161278006
370,https://blog.naver.com/uzaco/222192199469
371,https://blog.naver.com/andyjohn/222192786844
372,https://blog.naver.com/egg318/222193075322
373,https://blog.naver.com/whollywholly/222192218150
374,https://blog.naver.com/mitsru79/222192892393
375,https://blog.naver.com/kwon_jihyun/222192157567
376,https://blog.naver.com/firstlook_b/222192627526
377,https://blog.naver.com/hiphop1213/222192991772
378,https://blog.naver.com/positivemimi/222193008839
379,https://blog.naver.com/dltnrud15/222193036723
380,https://blog.naver.com/sejmdmh/222192588911
381,https://blog.naver.com/alswl01726/222192229901
382,https://blog.naver.com/reengkikimpo/222193021381
383,https://blog.naver.com/yellowhhj/222192761263
384,https://blog.naver.com/s2kansl2s/222192420214
385,https://blog.naver.com/minilaw/222192396177
386,https://blog.naver.com/softman_777/222192811899
387,https://blog.naver.com/gjssb98/222192251330
388,https://blog.naver.com/taew00_/222193028206
389,https://blog.naver.com/kjh86500/222192291521
390,https://blog.naver.com/firstlook_b/222192647174
391,https://blog.naver.com/feeling_m/222192478364
392,https://blog.naver.com/warsaw84/222192269076
393,https://blog.naver.com/worthlovv/222192653247
394,https://happy079.tistory.com/97
395,https://blog.naver.com/bikypower/222193080117
396,https://blog.naver.com/immisskiwi/222192872529
397,https://blog.naver.com/niedlichej/222193078500
398,https://blog.naver.com/pcs_011/222192638223
399,https://blog.naver.com/oju0329/222192397642
400,https://blog.naver.com/kimhhs123/222193016223
401,https://blog.naver.com/ahline/222192392363
402,https://blog.naver.com/devue_/222192565461
403,https://blog.naver.com/find114/222192203335
404,https://blog.naver.com/jkeverywhere/222192754312
405,https://blog.naver.com/pjw9951/222192233940
406,https://blog.naver.com/binhwa2312/222182807813
407,https://blog.naver.com/summerjan/222192678080
408,https://blog.naver.com/ckdwodkenl/222192240313
409,https://blog.naver.com/fndltm1126/222193015544
410,https://blog.naver.com/theillri/222187837119
411,https://blog.naver.com/gayengyi/222191956852
412,https://blog.naver.com/homme7563/222192880768
413,https://blog.naver.com/20prada/222192100886
414,https://dudfufl.tistory.com/entry/%EB%AA%A8%EB%B0%94%EC%9D%BC%EC%BD%98%ED%85%90%EC%B8%A0%EC%8A%A4%EB%A7%88%ED%8A%B8%ED%8F%B0%ED%83%9C%EB%B8%94%EB%A6%BFPC-%EA%B4%80%EB%A0%A8%EC%A3%BC-%ED%85%8C%EB%A7%88%EC%A3%BC-%EC%88%98%ED%98%9C%EC%A3%BC-%EB%8C%80%EC%9E%A5%EC%A3%BC
415,https://blog.naver.com/jrkimceo/222192701618
416,https://blog.naver.com/himj90/222192829060
417,https://blog.naver.com/san1707/222193055208
418,https://blog.naver.com/kkjjssjj/222192237990
419,https://blog.naver.com/ohyonghyo/222192586915
420,https://blog.naver.com/daisy08/222192775415
421,https://blog.naver.com/houstonbread/222193060051
422,https://blog.naver.com/mycolorlab/222192898405
423,https://blog.naver.com/nichtssein/222192880727
424,https://blog.naver.com/nazy_/222192647931
425,https://blog.naver.com/eyedear_gumi/222192731164
426,https://blog.naver.com/isongdos/222189108029
427,https://blog.naver.com/blanka32/222192947699
428,https://blog.naver.com/dovmfvkdl002/222192154469
429,https://blog.naver.com/ssdria/222192164876
430,https://blog.naver.com/party_land/222190101308
431,https://blog.naver.com/melon_haxx/222192616028
432,https://blog.naver.com/rooster57/222192411613
433,https://nimiisj.tistory.com/1069
434,https://blog.naver.com/cs106love/222192517312
435,https://blog.naver.com/dearus7/222192629683
436,https://blog.naver.com/ninequeenseven/222192141968
437,https://blog.naver.com/kl8321/222192631495
438,https://blog.naver.com/hyewonlove71/222192999269
439,https://blog.naver.com/skbr627/222192138530
440,https://blog.naver.com/sseda0006/222192553596
441,https://blog.naver.com/marulucy/222192455216
442,https://pupugrim.tistory.com/entry/%EC%A7%84%EC%95%84%EB%A6%84-%ED%94%84%EB%A1%9C%ED%95%84-%EB%82%98%EC%9D%B4-%EA%B3%A0%ED%96%A5-%EC%A7%91-%EB%82%A8%EA%B6%81%EB%AF%BC-%EC%97%AC%EC%9E%90%EC%B9%9C%EA%B5%AC-%EA%B2%B0%ED%98%BC
443,https://blog.naver.com/dnwn3357/222193073217
444,https://blog.naver.com/hyeongeeny/222192620512
445,https://charliesteel0083.tistory.com/1771
446,https://blog.naver.com/wjmm1/222192839615
447,https://blog.naver.com/romi_gongbang/222192635089
448,https://blog.naver.com/qlomolp/222192683830
449,https://blog.naver.com/mjumoney/222193081470
450,https://blog.naver.com/htmlsy/222192260960
451,https://blog.naver.com/godzzang9441/222190051566
452,https://blog.naver.com/sumersartor/222192455806
453,https://blog.naver.com/csk960327/222192197327
454,https://blog.naver.com/hwwangsujin/222192677894
455,https://blog.naver.com/nichtssein/222192869714
456,https://blog.naver.com/hangni__/222192773535
457,https://blog.naver.com/zeny5060/222192748028
458,https://blog.naver.com/hhwhero/222192754663
459,https://blog.naver.com/osan_fashion/222192659359
460,https://blog.naver.com/dearus7/222192305034
461,https://blog.naver.com/jeongwon84/222192606382
462,https://blog.naver.com/alrma0330/222192494624
463,https://blog.naver.com/m_public/222190102562
464,https://blog.naver.com/wndud3867/222192664923
465,https://blog.naver.com/sunmanning_1007/222192589111
466,https://blog.naver.com/sky404069/222192551910
467,https://blog.naver.com/cu_ni_130/222192352342
468,https://blog.naver.com/sseda0006/222192114707
469,https://blog.naver.com/rlaal_dud2/222192115772
470,https://blog.naver.com/anseok45/222193038410
471,https://blog.naver.com/sooyeon86/222192117565
472,https://blog.naver.com/taeick77/222192304604
473,https://blog.naver.com/eurim1002/222192944245
474,https://blog.naver.com/kisc0221/222192942514
475,https://lee-nerd.tistory.com/79
476,https://jwatch.tistory.com/48
477,https://blog.naver.com/arenas/222192353902
478,https://blog.naver.com/shoxx80/222192170533
479,https://blog.naver.com/pdy3642/222191803765
480,https://blog.naver.com/lukilai/222192448750
481,https://blog.naver.com/nayeon940/222192351394
482,https://blog.naver.com/tnwls1661/222192408857
483,https://blog.naver.com/jbl0725/222192702890
484,https://blog.naver.com/tkd5314/222192739969
485,https://blog.naver.com/redsky9886/222187986869
486,https://blog.naver.com/shopping_love/222192358236
487,https://blog.naver.com/hiimwho/222193033364
488,https://blog.naver.com/dpwlsqnrk/222192731044
489,https://blog.naver.com/pitapat___89/222192528308
490,https://blog.naver.com/shine0207/222192630909
491,https://blog.naver.com/210_joo/222192836193
492,https://blog.naver.com/sohyeon3848/222192213273
493,https://blog.naver.com/dkevil0509/222192454616
494,https://blog.naver.com/ninomi6/222192596713
495,https://blog.naver.com/plete001224/222193060248
496,https://blog.naver.com/nabi_rang/222192201946
497,https://blog.naver.com/sorim119/222192920147
498,https://blog.naver.com/yjna01/222192960661
499,https://blog.naver.com/kwon_ssaem/222192756919
500,https://blog.naver.com/pysyuri/222192507492
501,https://blog.naver.com/joo9243/222192960324
502,https://blog.naver.com/hyunsz_/222192254518
503,https://blog.naver.com/gusandurtk/222192950983
504,https://blog.naver.com/sws950913/222192982314
505,https://blog.naver.com/una216/222192368086
506,https://blog.naver.com/prayandhappy/222192879195
507,https://blog.naver.com/britney0924/222192383175
508,https://blog.naver.com/jujuring/222192285756
509,https://blog.naver.com/mindlesschan/222192497758
510,https://blog.naver.com/asg3/222192995112
511,https://blog.naver.com/hoho7919/222192119141
512,https://blog.naver.com/6304202/222192529482
513,https://blog.naver.com/somi_710/222192727254
514,https://blog.naver.com/y2k915/222192569442
515,https://blog.naver.com/shoe-re/222192669830
516,https://blog.naver.com/ootd_optical/222192492480
517,https://blog.naver.com/eyeohglass/222192720008
518,https://blog.naver.com/enger7/222192369372
519,https://blog.naver.com/euimok/222191175730
520,https://blog.naver.com/likz03/222192651828
521,https://blog.naver.com/py6870/222192440057
522,https://blog.naver.com/fadcho/222192992330
523,https://blog.naver.com/maldock/222192808772
524,https://blog.naver.com/nichtssein/222192864075
525,https://blog.naver.com/gyuraning/222192163739
526,https://blog.naver.com/zoo2ee/222192716390
527,https://blog.naver.com/jar1214/222192380459
528,https://blog.naver.com/240996/222192960974
529,https://blog.naver.com/ini__day/222192571188
530,https://blog.naver.com/hoje0925/222192219084
531,https://blog.naver.com/codms9934/222192262786
532,https://blog.naver.com/chohane0204/222192543717
533,https://blog.naver.com/sngwk/222192346331
534,https://blog.naver.com/hunais/222192645696
535,https://databanks.tistory.com/446
536,https://blog.naver.com/meimei42/222192181878
537,https://blog.naver.com/mc961/222192916329
538,https://blog.naver.com/heysummer_summer/222192709051
539,https://blog.naver.com/oh-myjob/222192318607
540,https://blog.naver.com/bbasaki_/222192186235
541,https://blog.naver.com/nichtssein/222192876982
542,https://blog.naver.com/dearus7/222192315996
543,https://blog.naver.com/wnsgur8893/222192499172
544,https://blog.naver.com/limwuzzy88/222184125242
545,https://blog.naver.com/loointhelook/222192338550
546,https://blog.naver.com/3152328/222192163799
547,https://blog.naver.com/unionmade/222192339513
548,https://blog.naver.com/syg1020/222192460285
549,https://blog.naver.com/hoslove82/222192918431
550,https://blog.naver.com/sora7202003/222192817622
551,https://blog.naver.com/annjh97/222192547337
552,https://blog.naver.com/suemin28/222192137890
553,https://blog.naver.com/fine8765/222192626619
554,https://blog.naver.com/wondresser/222193010863
555,https://blog.naver.com/mmm000812/222192523865
556,https://blog.naver.com/likejl2/222192787508
557,https://blog.naver.com/yoojaewoun/222192615806
558,https://blog.naver.com/aubade____/222192790262
559,https://blog.naver.com/love_xhate/222192872777
560,https://blog.naver.com/pastel_pom/222192143446
561,https://blog.naver.com/takutea/222192970980
562,https://blog.naver.com/aptmal/222192313570
563,https://blog.naver.com/halox2/222192128924
564,https://blog.naver.com/youjeong1219/222192195112
565,https://blog.naver.com/khmhkh/222191703118
566,https://blog.naver.com/soc04204/222191645220
567,https://blog.naver.com/ahn3607/222192132401
568,https://blog.naver.com/h2sky01/222192251173
569,https://blog.naver.com/mimi3215/222193027046
570,https://blog.naver.com/fallwinnie/222192176709
571,https://fashion-info-here.tistory.com/1438
572,https://blog.naver.com/mmzzhh123/222192809638
573,https://blog.naver.com/lovelondonpark/222192558825
574,https://blog.naver.com/songssol92/222193016016
575,https://blog.naver.com/mimijin43/222189300417
576,https://blog.naver.com/dkdsus/222192772436
577,https://blog.naver.com/nuclear1950/222192201729
578,https://sarogoo.tistory.com/477
579,https://blog.naver.com/lovely__83/222192219553
580,https://blog.naver.com/sys313/222192353593
581,https://blog.naver.com/songssol92/222193060835
582,https://blog.naver.com/loquepienso/222192936698
583,https://blog.naver.com/starljw90/222192464115
584,https://blog.naver.com/1004ya486/222193070130
585,https://blog.naver.com/kimhyoryeon/222192653469
586,https://blog.naver.com/eunhasusu/222192210081
587,https://blog.naver.com/90yellow/222192140631
588,https://blog.naver.com/miya1167/222192409279
589,https://blog.naver.com/jeong-yeon081012/222192323143
590,https://blog.naver.com/sunmanning_1007/222192611376
591,https://blog.naver.com/hube99/222193062745
592,https://blog.naver.com/ruddl555/222192367032
593,https://blog.naver.com/tjfghdi0421/222192573172
594,https://blog.naver.com/chelsealondon11/222192198772
595,https://blog.naver.com/fjqm2676/222192497363
596,https://blog.naver.com/hjhan60/222192268210
597,https://blog.naver.com/teeezip/222193043115
598,https://blog.naver.com/artmxn/222192510247
599,https://blog.naver.com/dearsee/222192468704
600,https://blog.naver.com/nabom287/222192476566
601,https://blog.naver.com/paper060/222191693935
602,https://blog.naver.com/kkcy322/222191492987
603,https://blog.naver.com/tmddms_o/222192337249
604,https://blog.naver.com/dmswlfksp0/222192118132
605,https://blog.naver.com/arame07/222192212566
606,https://snucsr.tistory.com/177
607,https://blog.naver.com/e2e2e2e299/222192223841
608,https://blog.naver.com/hu_sh_go/222192687783
609,https://blog.naver.com/2jjiimm2/222192965547
610,https://blog.naver.com/seoyeon080423/222192709900
611,https://blog.naver.com/danny508/222192358272
612,https://blog.naver.com/eyeidea/222192573550
613,https://blog.naver.com/cindy_mood/222192202481
614,https://blog.naver.com/yerimk98/222192444812
615,https://blog.naver.com/iu2516/222192878233
616,https://blog.naver.com/hasoo0809/222188013457
617,https://blog.naver.com/coconail303/222192858359
618,https://blog.naver.com/blooming0211/222192799090
619,https://blog.naver.com/finn3210/222192359541
620,https://blog.naver.com/tyuio7779/222192590020
621,https://blog.naver.com/7358600/222192599840
622,https://blog.naver.com/editor_zzang/222192583848
623,https://blog.naver.com/ha_kyeong_ee/222193044385
624,https://blog.naver.com/ahiru85/222192219424
625,https://blog.naver.com/kshksh6700/222192483152
626,https://blog.naver.com/sarahbbb/222192221090
627,https://blog.naver.com/zhal715/222192138240
628,https://blog.naver.com/hw98249/222191748450
629,https://blog.naver.com/bogo9090/222192713167
630,https://blog.naver.com/1pinkbox1/222192712039
631,https://blog.naver.com/hyeongeeny/222192585396
632,https://blog.naver.com/sseommers/222192616081
633,https://blog.naver.com/elly0104/222192251486
634,https://blog.naver.com/nadohamgge/222192463989
635,https://blog.naver.com/sg93sg/222192389969
636,https://blog.naver.com/jinsook2252/222192301604
637,https://blog.naver.com/jasengghm/222191263139
638,https://blog.naver.com/deatsunju/222192622539
639,https://zomzom.tistory.com/4817
640,https://geotimes.tistory.com/entry/%EB%8F%84%EC%84%9C-%EC%B6%94%EC%B2%9C%EC%89%BD%EA%B2%8C-%EC%9D%BD%EB%8A%94-%EC%97%AC%ED%96%89%EC%A7%80%EB%A6%AC-%ED%8C%8C%EB%A6%AC%EB%AC%B8%ED%99%94%EC%98%88%EC%88%A0%ED%83%90%EB%B0%A9%EA%B8%B0
641,https://blog.naver.com/kwonhs225/222192761212
642,https://blog.naver.com/dlwngml1030/222192419214
643,https://blog.naver.com/reorio99/222192477189
644,https://blog.naver.com/sunryang/222192550801
645,https://blog.naver.com/choiby_00/222192649731
646,https://blog.naver.com/eclatant_ju/222192200978
647,https://blog.naver.com/enajazz2/222177652926
648,https://blog.naver.com/dmd7123/222192521185
649,https://blog.naver.com/yvanfloriand/222192465460
650,https://blog.naver.com/ahnkong0930/222192819495
651,https://blog.naver.com/gksdmstnr28/222192813099
652,https://blog.naver.com/whyum2/222191755374
653,https://blog.naver.com/happysuyoung0912/222192554498
654,https://blog.naver.com/kay5523/222192707285
655,https://blog.naver.com/alwaysrichtrue2/222192592087
656,https://blog.naver.com/rydi668/222192618477
657,https://blog.naver.com/nugunagobal/222192150941
658,https://blog.naver.com/de_cember9/222192334084
659,https://blog.naver.com/utr22/222192578631
660,https://blog.naver.com/wonhye0612/222192851270
661,https://blog.naver.com/je5698/222192962934
662,https://blog.naver.com/plateau-/222192605440
663,https://blog.naver.com/rlaguswnd301/222192338559
664,https://blog.naver.com/khj8600/222192457033
665,https://blog.naver.com/thetenant/222192471231
666,https://blog.naver.com/stylefstyle/222192674746
667,https://blog.naver.com/kjh21076/222186854317
668,https://blog.naver.com/dmswlsdl930/222192516059
669,https://blog.naver.com/isthisheaven/222190076177
670,https://janyd.tistory.com/424
671,https://blog.naver.com/cs916/222192672062
672,https://blog.naver.com/lwwl4836/222192368552
673,https://blog.naver.com/hkpky2020/222191412858
674,https://blog.naver.com/17yeonj/222192603072
675,https://blog.naver.com/hnvely_/222192162741
676,https://blog.naver.com/dasomsin/222192550392
677,https://blog.naver.com/bellaluna_88/222192617071
678,https://blog.naver.com/whitebean914/222192436867
679,https://blog.naver.com/rincyan/222192501459
680,https://blog.naver.com/myandyourlife/222192239055
681,https://blog.naver.com/syhy3015/222192399966
682,https://blog.naver.com/jemma6235992/222192696275
683,https://blog.naver.com/me831221/222192562928
684,https://blog.naver.com/chltmdgh6219/222192561994
685,https://blog.naver.com/teresa1966/222187725139
686,https://blog.naver.com/aceour/222192439311
687,https://blog.naver.com/dalgomi90/222192973246
688,https://blog.naver.com/uououo1212/222192503549
689,https://blog.naver.com/blair-k/222191835364
690,https://blog.naver.com/juliebe1/222192535852
691,https://blog.naver.com/tara8750/222192555868
692,https://blog.naver.com/thetenant/222192504414
693,https://blog.naver.com/sgglasses/222192727728
694,https://blog.naver.com/ysurin/222192215160
695,https://blog.naver.com/lateadapter1/222192515696
696,https://blog.naver.com/hyukl58/222192415699
697,https://blog.naver.com/godkyuyeon/222192450458
698,https://blog.naver.com/yoonn772/222193077492
699,https://blog.naver.com/romanticism_korea/222192594751
700,https://blog.naver.com/osh5511/222192569770
701,https://blog.naver.com/hyu0204/222192364832
702,https://blog.naver.com/prosylte/222193037219
703,https://blog.naver.com/in083/222192554528
704,https://blog.naver.com/owo__6/222192994227
705,https://blog.naver.com/alfla0622/222193065650
706,https://blog.naver.com/ho1304/222192192645
707,https://blog.naver.com/ramirami15/222192671810
708,https://blog.naver.com/ysurin/222192219871
709,https://blog.naver.com/binhwa2312/222182852199
710,https://blog.naver.com/kimhy3895/222193028341
711,https://blog.naver.com/jaetoo56/222192927871
712,https://blog.naver.com/lotuxxf1wr-/222192666355
713,https://blog.naver.com/vips8989/222191325793
714,https://blog.naver.com/osan_fashion/222192934568
715,https://blog.naver.com/lovehjlee81/222192399747
716,https://blog.naver.com/kuj9806/222192695071
717,https://blog.naver.com/ofrimmy/222192692724
718,https://blog.naver.com/po1265/222191737476
719,https://blog.naver.com/mimihye6180/222192664012
720,https://blog.naver.com/seraphina888/222192923267
721,https://blog.naver.com/lalabuch/222190138475
722,https://blog.naver.com/chohane0204/222192816225
723,https://blog.naver.com/18brit/222192943336
724,https://blog.naver.com/ksg2303s/222192392861
725,https://blog.naver.com/selan1126/222193054158
726,https://blog.naver.com/sudrian/222192903758
727,https://blog.naver.com/lovelylovely16/222192581333
728,https://blog.naver.com/hasoo0809/222158631923
729,https://blog.naver.com/exodus09/222192534257
730,https://blog.naver.com/pjk319/222191418330
731,https://blog.naver.com/tast187/222192822057
732,https://blog.naver.com/dkqkx8/222181202937
733,https://blog.naver.com/fallwinnie/222192179388
734,https://blog.naver.com/yeguru9839/222192171216
735,https://blog.naver.com/zhzhdk1199/222193013546
736,https://blog.naver.com/dmswlqkd1616/222192658434
737,https://blog.naver.com/kings_cross/222192946598
738,https://blog.naver.com/ys850110/222193036161
739,https://blog.naver.com/ibbi0509/222192759179
740,https://blog.naver.com/piglet1044/222192845793
741,https://blog.naver.com/inallages0908/222192246119
742,https://blog.naver.com/wldbs80899/222192442021
743,https://blog.naver.com/lhw4506/222193014521
744,https://blog.naver.com/hjyim91_/222192743750
745,https://blog.naver.com/under_themoonlight/222193034007
746,https://blog.naver.com/da3411/222192414145
747,https://blog.naver.com/gradationlight/222192123731
748,https://blog.naver.com/qkddnfseo/222192317166
749,https://blog.naver.com/jskang4u/222192886213
750,https://blog.naver.com/angel_bean/222192467277
751,https://blog.naver.com/spdlqj415/222192560925
752,https://blog.naver.com/azure_06/222192130921
753,https://blog.naver.com/ho1304/222192186016
754,https://blog.naver.com/bank070/222192513271
755,https://blog.naver.com/crewxx/222185303405
756,https://blog.naver.com/chang001101/222192983193
757,https://blog.naver.com/jiah007/222192886597
758,https://fashionlupe.tistory.com/6398
759,https://blog.naver.com/mj2161225/222192609552
760,https://blog.naver.com/hessedian/222192577906
761,https://blog.naver.com/eyelean0-0/222192618825
762,https://en-fashionary.tistory.com/3116
763,https://blog.naver.com/ellyfactory/222192671470
764,https://blog.naver.com/jin02626/222192726780
765,https://blog.naver.com/powergwa28/222192830465
766,https://blog.naver.com/jayuyu/222192174734
767,https://blog.naver.com/galam0703/222192419172
768,https://sophisticatedlook.tistory.com/431
769,https://blog.naver.com/tibetinmebss/222192388104
770,https://blog.naver.com/yonyonyony/222192947871
771,https://blog.naver.com/victory6049/222192494275
772,https://blog.naver.com/na016an/222192735169
773,https://blog.naver.com/fyt1010/222189208352
774,https://blog.naver.com/pinkmint86/222192570098
775,https://blog.naver.com/chang001101/222192990773
776,https://blog.naver.com/jeong_ii/222192563513
777,https://blog.naver.com/lydias101/222192342348
778,https://blog.naver.com/oki820119/222192196887
779,https://blog.naver.com/miss_ula/222192514417
780,https://blog.naver.com/le_reve_official/222192083328
781,https://blog.naver.com/yuccana/222192817438
782,https://blog.naver.com/seokyj78/222192933101
783,https://blog.naver.com/88seojin/222193035986
784,https://blog.naver.com/bora3667/222192490943
785,https://blog.naver.com/math5808/222192588168
786,https://blog.naver.com/rufdl4549/222192652591
787,https://blog.naver.com/dlwlqk/222192562066
788,https://blog.naver.com/juyoung1019/222193003625
789,https://blog.naver.com/gyeongmin2016/222192807708
790,https://blog.naver.com/lyh9660/222192563162
791,https://blog.naver.com/devigee/222192908388
792,https://blog.naver.com/ztzt25/222193023373
793,https://bruprin.tistory.com/6977
794,https://blog.naver.com/gyeyeong3341/222189713430
795,https://blog.naver.com/amitie_story/222192695278
796,https://blog.naver.com/joodef/222192503168
797,https://blog.naver.com/thetenant/222192484925
798,https://blog.naver.com/imretro/222192815973
799,https://blog.naver.com/noble922100/222193051466
800,https://blog.naver.com/nevertheless_lgo/222192432089
801,https://blog.naver.com/kimsangfi/222192334717
802,https://blog.naver.com/kiseob1045/222192209517
803,https://blog.naver.com/songssol92/222192731358
804,https://blog.naver.com/sejongicon/222192956571
805,https://blog.naver.com/lightarchive/222192674367
806,https://blog.naver.com/alwaysrichtrue2/222192312643
807,https://blog.naver.com/metro36/222192953675
808,https://blog.naver.com/jsj1857/222192995887
809,https://blog.naver.com/star94711/222192947438
810,https://blog.naver.com/kingamy0427/222192608312
811,https://blog.naver.com/bussel5/222192987184
812,https://blog.naver.com/compound6851/222192178626
813,https://blog.naver.com/junsj209/222192595047
814,https://blog.naver.com/mocopea/222192302507
815,https://blog.naver.com/sumersartor/222192579121
816,https://blog.naver.com/sungeun980/222192974109
817,https://blog.naver.com/7sky/222193062462
818,https://blog.naver.com/2p81lpc5k8e/222192225209
819,https://blog.naver.com/huhyj97/222192497940
820,https://blog.naver.com/lovelci/222192471306
821,https://blog.naver.com/gblover/222190365437
822,https://blog.naver.com/brucedong/222192869509
823,https://blog.naver.com/starljw90/222192476105
824,https://blog.naver.com/tenten7556/222192844384
825,https://blog.naver.com/cookie0617/222192519251
826,https://blog.naver.com/bmj011900/222192899840
827,https://blog.naver.com/cbj87/222192604918
828,https://blog.naver.com/jooney35/222192193309
829,https://blog.naver.com/fashionok/222192425871
830,https://blog.naver.com/medalhoon/222032493106
831,https://blog.naver.com/kies1614/222192760565
832,https://blog.naver.com/s_rosa/222192386841
833,https://blog.naver.com/moongpu/222192580845
834,https://blog.naver.com/mrsstyles/222193073889
835,https://blog.naver.com/summmr/222192982738
836,https://blog.naver.com/dkdyd66/222192861656
837,https://blog.naver.com/rumbledrawer/222193004923
838,https://blog.naver.com/wgj1290/222192666431
839,https://blog.naver.com/hee_116/222193050327
840,https://blog.naver.com/kmgun0304/222192861550
841,https://blog.naver.com/petal0815/222192587953
842,https://blog.naver.com/cbc0369/222192736544
843,https://blog.naver.com/miso373737/222192992414
844,https://blog.naver.com/gpal5305/222192935113
845,https://blog.naver.com/reageau/222192360611
846,https://blog.naver.com/kj_8/222192649581
847,https://blog.naver.com/cosette_005/222192929136
848,https://blog.naver.com/sunny_0225/222192864825
849,https://blog.naver.com/rink87/222192370692
850,https://blog.naver.com/tlsdyddud44/222192859604
851,https://blog.naver.com/zzzzqt1031/222192782611
852,https://blog.naver.com/feia1230/222188946299
853,https://blog.naver.com/gegsurf9523/222192669599
854,https://blog.naver.com/lss20800/222193081535
855,https://blog.naver.com/bbt2223/222192345833
856,https://moveon21kr.tistory.com/20
857,https://blog.naver.com/cinamonlala/222192233467
858,https://blog.naver.com/boyoung630/222192361538
859,https://blog.naver.com/yesica00/222192836000
860,https://blog.naver.com/fullofgraces/222193062516
861,https://blog.naver.com/mskim1023/222192334524
862,https://blog.naver.com/yellowhhj/222192139471
863,https://blog.naver.com/leejumong2/222191559921
864,https://blog.naver.com/binhwa2312/222182818404
865,https://blog.naver.com/baground/222192445199
866,https://blog.naver.com/mu_nan/222192848568
867,https://blog.naver.com/boa3961/222193031366
868,https://blog.naver.com/rlackdrb7/222192151313
869,https://blog.naver.com/metro36/222192942343
870,https://blog.naver.com/swordman22/222179499132
871,https://blog.naver.com/flourah7/222192848930
872,https://blog.naver.com/bin35a/222192654647
873,https://blog.naver.com/myelel/222192938089
874,https://blog.naver.com/soft_____314/222192798580
875,https://blog.naver.com/jhtjh/222192857715
876,https://blog.naver.com/jeongparks/222192187166
877,https://blog.naver.com/wygoood/222192597841
878,https://blog.naver.com/spp0805/222192536738
879,https://blog.naver.com/lene0818/222192403501
880,https://blog.naver.com/akdlwkd55/222189086566
881,https://blog.naver.com/javanpen/222192921898
882,https://blog.naver.com/asphodel1977/222192789903
883,https://blog.naver.com/miko-dh/222189805194
884,https://blog.naver.com/aness1102/222192487101
885,https://blog.naver.com/jeehye1023/222192579181
886,https://blog.naver.com/dpsk1489/222192469105
887,https://blog.naver.com/kte31/222192661524
888,https://blog.naver.com/hbac0203/222192601274
889,https://blog.naver.com/jiho8930/222192519137
890,https://blog.naver.com/fhtk6255/222192387734
891,https://blog.naver.com/uminimini0614/222192538089
892,https://blog.naver.com/4fourdog00/222192460125
893,https://blog.naver.com/sindylog/222192932437
894,https://blog.naver.com/hist0910/222192217394
895,https://fashion-info-here.tistory.com/1440
896,https://blog.naver.com/taemoza00/222192955297
897,https://blog.naver.com/cuzn_official/222191323980
898,https://blog.naver.com/reneete/222192180467
899,https://blog.naver.com/antares_v/222192531486
900,https://blog.naver.com/rlacl79/222192657067
901,https://blog.naver.com/le_bon_bon_/222192194307
902,https://blog.naver.com/tatu_yulia/222192493188
903,https://blog.naver.com/unkdg/222192270180
904,https://blog.naver.com/rlaehdbs1218/222192831715
905,https://blog.naver.com/yszin/222192460751
906,https://blog.naver.com/sjsh19/222193073797
907,https://blog.naver.com/hu_sh_go/222192410198
908,https://blog.naver.com/ptngus99/222192526931
909,https://blog.naver.com/198862/222192365986
910,https://blog.naver.com/asdfghjkl2420/222192831218
911,https://blog.naver.com/togo95/222193034063
912,https://blog.naver.com/naon-kss/222192396652
913,https://blog.naver.com/nhsong3816/222191653088
914,https://blog.naver.com/golf139/222189000464
915,https://blog.naver.com/godomall9/222087867484
916,https://blog.naver.com/hd502402/222192532522
917,https://blog.naver.com/skyloves1996/222192954348
918,https://blog.naver.com/jaelee_1004/222193002884
919,https://blog.naver.com/cse991222/222192400456
920,https://blog.naver.com/incompletegirl/222192941392
921,https://en-fashionary.tistory.com/3115
922,https://blog.naver.com/kesill1/222192593984
923,https://blog.naver.com/gjgmldus71/222192409879
924,https://blog.naver.com/9203_02/222192561163
925,https://blog.naver.com/1mopyeong/222192911396
926,https://blog.naver.com/hyacinthcmsh/222192714469
927,https://blog.naver.com/kbykby1259/222192678257
928,https://blog.naver.com/cshjyj110810/222192559433
929,https://blog.naver.com/2b2bob2/222192341072
930,https://blog.naver.com/riridayo/222192549009
931,https://blog.naver.com/ycluvu/222192687478
932,https://blog.naver.com/forever2131/222192737893
933,https://blog.naver.com/alcongii/222192244574
934,https://blog.naver.com/manior_official/222192403742
935,https://blog.naver.com/forsy20/222192587721
936,https://blog.naver.com/icecreamjht/222192294447
937,https://blog.naver.com/marinean19/222184203907
938,https://blog.naver.com/snowh0110/222193042905
939,https://blog.naver.com/hipard/222192525043
940,https://blog.naver.com/gfewa/222192579934
941,https://fashionlupe.tistory.com/6396
942,https://blog.naver.com/mukgo_nolgo/222192773357
943,https://blog.naver.com/fashionok/222192431646
944,https://blog.naver.com/dnjstkdgh93/222192307341
945,https://blog.naver.com/p_heart30/222192915586
946,https://blog.naver.com/jyj098/222192162152
947,https://blog.naver.com/mlnhwan2/222192222718
948,https://blog.naver.com/glassbaekseo/222170194707
949,https://blog.naver.com/hyu0204/222192324655
950,https://blog.naver.com/kinar_/222192649561
951,https://blog.naver.com/leebichuri/222192697026
952,https://blog.naver.com/qkrwlgud176/222192549506
953,https://blog.naver.com/kimhayoung89/222192270985
954,https://blog.naver.com/heahea02/222192932684
955,https://blog.naver.com/bestdestiny/222192712919
956,https://blog.naver.com/algus2006/222177630055
957,https://blog.naver.com/rnjsguswn85/222192985641
958,https://blog.naver.com/mrsstyles/222192123899
959,https://blog.naver.com/jaoom63/222191895715
960,https://blog.naver.com/ayfkd0428/222192806681
961,https://blog.naver.com/zzz0862/222192973112
962,https://blog.naver.com/gracy0901/222191861245
963,https://blog.naver.com/swz415/222192351655
964,https://blog.naver.com/clwmrjf/222192342310
965,https://sarogoo.tistory.com/479
966,https://blog.naver.com/gritiquol/222192617382
967,https://blog.naver.com/otlsaud/222192587862
968,https://blog.naver.com/readytovaran/222192658868
969,https://blog.naver.com/yourfruit012/222192790968
970,https://blog.naver.com/arsoap/222192967865
971,https://blog.naver.com/daily_yeoni/222192499338
972,https://blog.naver.com/ehgml2973/222192589721
973,https://blog.naver.com/cookie1411/222192773607
974,https://blog.naver.com/chiclady9933/222192776671
975,https://blog.naver.com/pcmro1212/222193041804
976,https://zg-winnie.tistory.com/entry/%EC%9E%98%EA%B0%80-2020%EB%85%84-%EC%96%B4%EC%84%9C%EC%99%80-2021%EB%85%84
977,https://blog.naver.com/dydtk7/222192250087
978,https://blog.naver.com/ruddl555/222192379965
979,https://blog.naver.com/hnh552/222192444314
980,https://blog.naver.com/ped95/222192411475
981,https://blog.naver.com/lky381/222192860277
982,https://blog.naver.com/whdmsdud13/222193080098
983,https://blog.naver.com/cmkwak4/222192634378
984,https://blog.naver.com/youra9301/222192528185
985,https://blog.naver.com/only8278/222192118506
986,https://blog.naver.com/jiy040930/222192621479
987,https://blog.naver.com/tbxldfkdlzm/222191472284
988,https://blog.naver.com/juliaa24/222192726297
989,https://blog.naver.com/happyaa38/222188446233
990,https://blog.naver.com/handdamhanddam/222193005049
991,https://blog.naver.com/calli202001/222192678108
992,https://blog.naver.com/chohane0204/222192136733
993,https://blog.naver.com/cucuice/222193032291
994,https://blog.naver.com/stylefstyle/222192633505
995,https://blog.naver.com/killam/222192651613
996,https://blog.naver.com/ellee130/222192743893
997,https://blog.naver.com/utr22/222192413274
998,https://blog.naver.com/may5rose/222192303942
999,https://blog.naver.com/rhyblog/222192413222
1000,https://blog.naver.com/imchys/222192560297
1001,https://blog.naver.com/diystoy/222192522561
1002,https://blog.naver.com/gusdn9823/222192501004
1003,https://blog.naver.com/skkk87/222193024366
1004,https://blog.naver.com/ruby2718/222192350644
1005,https://blog.naver.com/dodo8319/222192955500
1006,https://blog.naver.com/ujin070316/222193031915
1007,https://blog.naver.com/dbswn0504/222192400357
1008,https://en-fashionary.tistory.com/3114
1009,https://blog.naver.com/jhmiso6520/222192530780
1010,https://blog.naver.com/hscw0402/222192439656
1011,https://blog.naver.com/chloepark472/222192373130
1012,https://blog.naver.com/saewoos/222192840350
1013,https://blog.naver.com/onaa-/222192576833
1014,https://blog.naver.com/bgt92/222192549882
1015,https://blog.naver.com/arenas/222192390153
1016,https://blog.naver.com/moraedoozi/222192545221
1017,https://blog.naver.com/juri0046/222185043769
1018,https://blog.naver.com/kw96382/222192875667
1019,https://blog.naver.com/sungeun980/222193023074
1020,https://blog.naver.com/aconny/222192318271
1021,https://blog.naver.com/bossblog-_-/222192328331
1022,https://blog.naver.com/pajama9411/222190053124
1023,https://blog.naver.com/hopeful321/222192330710
1024,https://blog.naver.com/dgw753/222192857233
1025,https://blog.naver.com/qmfosej/222192556833
1026,https://blog.naver.com/ksy990913/222192815766
1027,https://blog.naver.com/dwltn99/222192705789
1028,https://blog.naver.com/dkdlfjqndbsl/222192567113
1029,https://blog.naver.com/lalaland1005/222192751377
1030,https://blog.naver.com/yujin2219/222192245626
1031,https://blog.naver.com/jasmine_scott/222192334454
1032,https://blog.naver.com/chuuny_eunn/222192437572
1033,https://blog.naver.com/hwanhy1013/222193069450
1034,https://blog.naver.com/juc0502/222192638129
1035,https://blog.naver.com/tree242900/222192624224
1036,https://blog.naver.com/shyo9394/222193043820
1037,https://blog.naver.com/cloverblog/222175411982
1038,https://blog.naver.com/forevertose/222192869405
1039,https://blog.naver.com/mjati/222192774862
1040,https://blog.naver.com/hi_v/222192974482
1041,https://blog.naver.com/hyunn_kim/222192547697
1042,https://blog.naver.com/jeongmr94/222192231250
1043,https://blog.naver.com/lucy2062/222192746024
1044,https://blog.naver.com/hyeyoon223/222192711783
1045,https://blog.naver.com/minj5/222191652465
1046,https://blog.naver.com/2001outletch/222188220248
1047,https://blog.naver.com/picture5454/222192258902
1048,https://blog.naver.com/yulee6640/222192500048
1049,https://fashiontip.tistory.com/8587
1050,https://blog.naver.com/happymellong/222192760891
1051,https://blog.naver.com/jh010922/222192998517
1052,https://blog.naver.com/ddongju_/222192395714
1053,https://blog.naver.com/chicstylekay/222192590927
1054,https://blog.naver.com/ecceuysh/222192450040
1055,https://blog.naver.com/hsydreamij/222193028279
1056,https://blog.naver.com/trewq004/222192525474
1057,https://blog.naver.com/limjisun_/222192823088
1058,https://blog.naver.com/kyori0121/222192811251
1059,https://blog.naver.com/guniappa/222192630853
1060,https://blog.naver.com/rudtn0702/222192791789
1061,https://blog.naver.com/ilhoon_kr/222192574198
1062,https://blog.naver.com/wjsgusurd123/222192792816
1063,https://blog.naver.com/mcpark99/222186922183
1064,https://blog.naver.com/dmstjr573/222192864682
1065,https://blog.naver.com/fbtpfla94/222192554104
1066,https://blog.naver.com/fashionbankny/222192591868
1067,https://blog.naver.com/leecheayeop/222192234080
1068,https://blog.naver.com/gurrl15199/222192524673
1069,https://blog.naver.com/33candy22/222192351694
1070,https://blog.naver.com/ksh216216/222192979583
1071,https://blog.naver.com/q1_dd/222192117450
1072,https://blog.naver.com/appleoutlet11/222192573392
1073,https://blog.naver.com/tut0110/222192913000
1074,https://blog.naver.com/bak13soy/222192322192
1075,https://blog.naver.com/sujiny0724/222193007909
1076,https://blog.naver.com/6304202/222192524740
1077,https://blog.naver.com/yoyosjlmk/222191119168
1078,https://blog.naver.com/minhye0320/222192202670
1079,https://blog.naver.com/rokmc812pks/222192720552
1080,https://blog.naver.com/alfla118/222192199929
1081,https://0nedaymoment.tistory.com/89
1082,https://blog.naver.com/kmgun0304/222193035927
1083,https://blog.naver.com/milkj0711/222192928714
1084,https://blog.naver.com/jsh8637/222192618660
1085,https://blog.naver.com/mune_joore/222192608303
1086,https://blog.naver.com/atomymall100/222192270945
1087,https://blog.naver.com/wkd04/222192467973
1088,https://blog.naver.com/letszzini/222192914645
1089,https://blog.naver.com/wpdls1020/222192227722
1090,https://blog.naver.com/jhslike99/222192224753
1091,https://blog.naver.com/qthjk7/222192185905
1092,https://blog.naver.com/ukchloe/222192771001
1093,https://blog.naver.com/myj02010201/222192817152
1094,https://blog.naver.com/01198869999/222192715546
1095,https://blog.naver.com/wkd04/222192473793
1096,https://blog.naver.com/ppxnzbb44/222191544905
1097,https://blog.naver.com/pjh800518/222192379258
1098,https://blog.naver.com/sdbuyer/222192082202
1099,https://blog.naver.com/dkufmd/222193048889
1100,https://blog.naver.com/dearus7/222192282498
1101,https://blog.naver.com/dnj282/222192505664
1102,https://blog.naver.com/njh1319i/222192268099
1103,https://blog.naver.com/crom4263/222192334740
1104,https://blog.naver.com/hwanokim/222192943831
1105,https://blog.naver.com/rosysunnday/222192223502
1106,https://blog.naver.com/twobit/222192665526
1107,https://blog.naver.com/ye_viva/222192635458
1108,https://blog.naver.com/kmd4895/222192176828
1109,https://blog.naver.com/ysh850714/222192657236
1110,https://blog.naver.com/wjdtmdghk23/222192186492
1111,https://blog.naver.com/lovehe25/222192864541
1112,https://blog.naver.com/810easthamline/222191098060
1113,https://blog.naver.com/truetyler/222192327013
1114,https://blog.naver.com/ettimo/222192688195
1115,https://blog.naver.com/fan_kor/222192732593
1116,https://blog.naver.com/everewder83/222192305395
1117,https://blog.naver.com/project_pop/222185512284
1118,https://blog.naver.com/onda_fashion/222191561253
1119,https://fashiontip.tistory.com/8584
1120,https://blog.naver.com/dltnwls5782/222192566398
1121,https://blog.naver.com/resource2/222192305674
1122,https://blog.naver.com/five579/222192320497
1123,https://blog.naver.com/zs_zs_zs/222193014298
1124,https://blog.naver.com/ggugong/222192081206
1125,https://blog.naver.com/jamong606/222192522536
1126,https://blog.naver.com/bublebudle22/222193009451
1127,https://blog.naver.com/minya0301/222189172797
1128,https://blog.naver.com/gdjubu/222192655240
1129,https://blog.naver.com/sb1105/222192201200
1130,https://blog.naver.com/iam11111/222193015456
1131,https://blog.naver.com/gruffmanner/222192539798
1132,https://blog.naver.com/petit_atti/222193025754
1133,https://blog.naver.com/zhal2/222192242075
1134,https://blog.naver.com/daily_faye/222191459447
1135,https://blog.naver.com/minzzz12/222192932273
1136,https://blog.naver.com/son99u/222192203117
1137,https://blog.naver.com/sj1313579/222192379916
1138,https://blog.naver.com/aboutdmz/222192673041
1139,https://blog.naver.com/stoneluminous2020/222192947804
1140,https://blog.naver.com/scent9193/222192595342
1141,https://blog.naver.com/sb_cha/222192331770
1142,https://blog.naver.com/mikamusic/222192416674
1143,https://blog.naver.com/gfewa/222192584889
1144,https://blog.naver.com/letsartdaegu/222192780292
1145,https://blog.naver.com/uu_jjj/222192152729
1146,https://blog.naver.com/dldngudwhgdk/222192185154
1147,https://blog.naver.com/knitting_son/222192199228
1148,https://blog.naver.com/dbswjd6032/222192459126
1149,https://blog.naver.com/codms823/222192065015
1150,https://blog.naver.com/ugdtejg/222192391901
1151,https://blog.naver.com/bingomijin/222192901485
1152,https://blog.naver.com/smilek17/222192863171
1153,https://blog.naver.com/tastydutch/222192806406
1154,https://blog.naver.com/dudwns9492/222192671022
1155,https://blog.naver.com/wsdesigner/222192407911
1156,https://blog.naver.com/ehfhr197/222193026713
1157,https://cccrayon.tistory.com/79
1158,https://blog.naver.com/find114/222192212055
1159,https://blog.naver.com/biiou2002/222192396028
1160,https://blog.naver.com/525477/222192284557
1161,https://xoullab.tistory.com/37
1162,https://blog.naver.com/monono7777/222192532996
1163,https://blog.naver.com/eroom-per/222192415962
1164,https://blog.naver.com/leejuan0925/222192662117
1165,https://blog.naver.com/parkjiwoo05/222192908001
1166,https://blog.naver.com/whj2029/222192943001
1167,https://blog.naver.com/dkdlelzzzzz/222192149047
1168,https://blog.naver.com/enjoyfoods/222193040521
1169,https://blog.naver.com/su0408/222192946997
1170,https://blog.naver.com/metro36/222192973967
1171,https://blog.naver.com/redgirl0003/222192338106
1172,https://blog.naver.com/pitapat___89/222192567801
1173,https://blog.naver.com/asnymse/222192519911
1174,https://blog.naver.com/tjdud0013/222192404594
1175,https://blog.naver.com/pb2323/222192339516
1176,https://blog.naver.com/dudwns9492/222192346564
1177,https://blog.naver.com/bjh3618/222192450765
1178,https://blog.naver.com/umibada0901/222192886874
1179,https://blog.naver.com/ly0123/222192661036
1180,https://blog.naver.com/thetenant/222192458492
1181,https://blog.naver.com/rlaahssks0109/222192239443
1182,https://blog.naver.com/dragonqueen3003/222192433851
1183,https://blog.naver.com/taehana0426/222192719276
1184,https://blog.naver.com/dlgurals123/222192367882
1185,https://blog.naver.com/jwda1205/222192578864
1186,https://blog.naver.com/hanmiso222/222192659755
1187,https://blog.naver.com/50best-2/222192548784
1188,https://blog.naver.com/cjuonline/222189336737
1189,https://blog.naver.com/jmj1466j/222192882865
1190,https://blog.naver.com/jm2oo2/222192503151
1191,https://blog.naver.com/luvmyself-/222192939405
1192,https://blog.naver.com/soenaaa/222192684060
1193,https://blog.naver.com/bobbinjournal/222190897757
1194,https://blog.naver.com/cwl6053/222192339019
1195,https://blog.naver.com/iminoo153/222191744085
1196,https://blog.naver.com/bank069/222180365013
1197,https://blog.naver.com/winner9954/222192398230
1198,https://blog.naver.com/armeise5/222192590868
1199,https://fashiontip.tistory.com/8589
1200,https://blog.naver.com/dahliajoie/222192480008
1201,https://blog.naver.com/o0402o/222192703926
1202,https://blog.naver.com/ellykim750546/222192220782
1203,https://blog.naver.com/charlottemoi/222192948319
1204,https://blog.naver.com/dkxpspdmltkdwja/222192311656
1205,https://blog.naver.com/readytovaran/222192190718
1206,https://blog.naver.com/41zrqzmwem7/222191345501
1207,https://blog.naver.com/ofrimmy/222192688690
1208,https://blog.naver.com/dlekth1201/222192972708
1209,https://blog.naver.com/nichtssein/222192860732
1210,https://blog.naver.com/mj_9311/222190580089
1211,https://blog.naver.com/nimnyang/222192855263
1212,https://blog.naver.com/designmania/222192202406
1213,https://blog.naver.com/rosecroi/222193077713
1214,https://blog.naver.com/shinchop5/222192711858
1215,https://blog.naver.com/ky_nice/222192823848
1216,https://blog.naver.com/thesheshe/222192378042
1217,https://blog.naver.com/noir1994/222192949675
1218,https://blog.naver.com/dayzzz123/222192957110
1219,https://blog.naver.com/talitha75/222192655697
1220,https://blog.naver.com/dodrudtk/222192971933
1221,https://blog.naver.com/kiyomi518/222192790274
1222,https://blog.naver.com/amway_ulsan/222192712385
1223,https://blog.naver.com/wnekgus1234/222192464964
1224,https://blog.naver.com/leona9273/222192154004
1225,https://blog.naver.com/azure_06/222192655606
1226,https://blog.naver.com/dhsh126/222192512654
1227,https://blog.naver.com/jogyum/222192217341
1228,https://blog.naver.com/bgijeong/222192971306
1229,https://blog.naver.com/dlwldus5230/222192946484
1230,https://blog.naver.com/dltjdud3149/222192229819
1231,https://blog.naver.com/francisb/222192360428
1232,https://blog.naver.com/ssofm0618/222192844276
1233,https://blog.naver.com/padog92/222192742116
1234,https://blog.naver.com/unhj73/222192528428
1235,https://blog.naver.com/kl8321/222192633231
1236,https://blog.naver.com/was9na/222192540183
1237,https://blog.naver.com/amazing1203/222192734901
1238,https://blog.naver.com/whydoluv/222193052497
1239,https://blog.naver.com/yearning22/222192619118
1240,https://blog.naver.com/zlzlsksk111/222193069763
1241,https://blog.naver.com/nohbacku/222192699997
1242,https://blog.naver.com/frienket/222192683874
1243,https://blog.naver.com/synature14/222192028684
1244,https://blog.naver.com/find114/222192217422
1245,https://blog.naver.com/wed666/222192460610
1246,https://blog.naver.com/romaad33/222193025611
1247,https://blog.naver.com/tnwjd_07/222192334097
1248,https://blog.naver.com/bunny_bear_/222192171646
1249,https://blog.naver.com/youjung0506/222192675625
1250,https://blog.naver.com/hyunsz_/222192956788
1251,https://blog.naver.com/girimsaju/222192160329
1252,https://blog.naver.com/onlydj92/222192540109
1253,https://blog.naver.com/woolim114/222192131248
1254,https://blog.naver.com/20smile14/222191592118
1255,https://blog.naver.com/dydtk7/222192253366
1256,https://blog.naver.com/swcha1977/222192842893
1257,https://blog.naver.com/wd4367/222192524934
1258,https://blog.naver.com/bellachang/222192540159
1259,https://blog.naver.com/fashionok/222192426890
1260,https://blog.naver.com/minkydiary/222192683616
1261,https://blog.naver.com/pepekjin/222192515566
1262,https://blog.naver.com/ganjinanda_77/222192234840
1263,https://blog.naver.com/superism1106/222192936998
1264,https://blog.naver.com/ppo1127/222192162851
1265,https://blog.naver.com/sujin529477/222192587149
1266,https://blog.naver.com/younsinc/222192845662
1267,https://blog.naver.com/eun_h_k/222192471491
1268,https://blog.naver.com/goongdemanse/222192268978
1269,https://blog.naver.com/hyesoolee1225/222193059782
1270,https://blog.naver.com/jun880512/222192857141
1271,https://blog.naver.com/gionomic/222192702681
1272,https://blog.naver.com/kookv83/222192993927
1273,https://blog.naver.com/orongg/222192383742
1274,https://blog.naver.com/karasumi/222192787802
1275,https://blog.naver.com/starljw90/222192470111
1276,https://blog.naver.com/179x148/222192611375
1277,https://blog.naver.com/jsh9120/222192305298
1278,https://blog.naver.com/essya7365/222192968469
1279,https://blog.naver.com/paragg/222192481845
1280,https://blog.naver.com/039cjt/222192818937
1281,https://blog.naver.com/eockma/222192234039
1282,https://blog.naver.com/twobit/222192584228
1283,https://blog.naver.com/rudtnekd7/222192629299
1284,https://blog.naver.com/yoomichae69/222192982727
1285,https://blog.naver.com/91sook/222192907261
1286,https://blog.naver.com/jwku7873/222192423693
1287,https://blog.naver.com/espoir925/222192365829
1288,https://blog.naver.com/chemkim1999/222192130037
1289,https://blog.naver.com/twinkle0215/222192789033
1290,https://blog.naver.com/haesu0326/222192447321
1291,https://blog.naver.com/imissingyou1/222192708036
1292,https://blog.naver.com/whdydgus9999/222192309548
1293,https://blog.naver.com/llovel06/222192301124
1294,https://blog.naver.com/spdlqj9577/222190660729
1295,https://blog.naver.com/jal_salgungni/222192540508
1296,https://blog.naver.com/mojinses6/222192954378
1297,https://blog.naver.com/pongya245/222192622602
1298,https://blog.naver.com/sing1228/222190279019
1299,https://blog.naver.com/chang001101/222192989027
1300,https://blog.naver.com/playkiz_pro/222191527794
1301,https://blog.naver.com/artmxn/222192413412
1302,https://blog.naver.com/ojik_office/222190457987
1303,https://blog.naver.com/supine2010/222147318703
1304,https://blog.naver.com/ngnga793/222191278603
1305,https://blog.naver.com/tweety_ba/222192815038
1306,https://tnqls6375.tistory.com/832
1307,https://blog.naver.com/oripi/222192289365
1308,https://blog.naver.com/semmul0925/222192840953
1309,https://blog.naver.com/zxktje/222192708538
1310,https://blog.naver.com/oh_kebin/222192578878
1311,https://kimdirector.tistory.com/442
1312,https://blog.naver.com/skbr627/222192153703
1313,https://blog.naver.com/bhw3842/222192867385
1314,https://blog.naver.com/gongganmacrame/222192813621
1315,https://blog.naver.com/coadel/222192687821
1316,https://blog.naver.com/hoggiii/222192077908
1317,https://blog.naver.com/doseltkah12/222192225340
1318,https://blog.naver.com/imyds10/222192129691
1319,https://blog.naver.com/y_in88/222192866560
1320,https://blog.naver.com/dalkishk/222192507781
1321,https://blog.naver.com/xxzzxzx/222192797824
1322,https://blog.naver.com/ockjoo43/222192785858
1323,https://blog.naver.com/jeon99812/222192225159
1324,https://blog.naver.com/crew09/222193069981
1325,https://blog.naver.com/lsls0108/222192166297
1326,https://blog.naver.com/qswdzxc/222192898517
1327,https://blog.naver.com/boxmake365/222192583574
1328,https://blog.naver.com/seoulbjh/222192386332
1329,https://blog.naver.com/lung2lung/222192470803
1330,https://blog.naver.com/daechonlove/222192865616
1331,https://blog.naver.com/jhj1192002/222192307738
1332,https://blog.naver.com/hello8282x/222192247931
1333,https://blog.naver.com/atti1999/222192351984
1334,https://blog.naver.com/dlsdl0721/222193021679
1335,https://blog.naver.com/coupe0131/222192466970
