,제목,조회수
0,이거 들고 캠핑장 가면 커피 노예 됩니다,1900000
1,요즘 휴대용 커피머신 수준,1400000
2,10만원대 vs 100만원대 커피머신 맛 차이가 있을까? 큰 맘 먹고 지른 필립스 라떼고 3200 언빡싱,970000
3,에스프레소 머신 없이 라떼아트를 마음껏 연습할 수 있는 비밀 (이지유 바리스타 2부),950000
4,가정용 에스프레소머신 이거 하나면 끝납니다 - 브레빌870 셋팅방법까지,740000
5,10만 원대 에스프레소 머신 중에 대장이라고?? 못 참고 샀습니다 - crm3605,620000
6,크레마 보이세요?? 가정용 에스프레소 추출기구 에쏘팟 - essopot,470000
7,10만원도 안하는 에스프레소 머신인데 성능봐라? - 보랄 커피머신,440000
8,아메리카노 좋아하세요? 이거 사시면 됩니다,370000
9,가성비 좋은 가정용 에스프레소머신을 사용해봤습니다 - 필립스 EP1200/03,360000
10,가성비 쩌는 커피머신 구입했습니다,360000
11,오스너 가정용커피머신 예가클래식과 드 바리스타로 원두커피와 캡슐커피를 즐겨보세요!,350000
12,가성비는 너무좋은 에스프레소 머신이지만.....맥널티 에스프레소 머신리뷰,300000
13,이제 더이상 20만원 미만 가정용 에스프레소 머신은 리뷰 안해도 될것 같....,300000
14,필립스 1200 그냥 이거 사세요...,290000
15,"인기 커피머신☕ 5종 최고의 제품은?(네스프레소,일리,네스까페,샤오미)",280000
16,"에스프레소 머신을 99,000원 주고 사왔습니다 - 오스너 드바리스타",250000
17,비싸다고 다 좋은건 아니네 😎150원부터 200만원까지!! 예산별 커피 즐기기 | 홈카페 homecafe,240000
18,이번달의 충동구매 드롱기 커피머신 구매후기~!,240000
19,가정용 에스프레소 머신 이거 있으면 카페 안가도 됩니다 - 엘로치오 마누스V2 리뷰,220000
20,맥널티 에스프레소 머신! 가정용 에스프레소 머신 추천. 깔끔하고 완벽한 리뷰!,210000
21,홈카페 극가성비 커피 그라인더 사왔습니다 - 리큅 그라인더,190000
22,요즘 홈카페 커피 그라인더 수준,180000
23,요즘 품절 대란이라는 전자동 커피머신 들고 왔습니다 - 빈프레소,180000
24,"가성비로 판매량이 높은 캡슐커피머신 추천 BEST 5 [가격,성능 비교]",170000
25,라떼클래식 필립스1200&필립스2200_01 설치 및 사용법,170000
26,이게 요즘 없어서 못 판다는 가정용 에스프레소 머신인가요? (홈카페투어),150000
27,가정용 전동그라인더 하나만 쓰라면 뭘써야할까? 갓성비 추천 그라인더!!,150000
28,홈카페 전문가의 예산별 커피 머신 추천 (노유민 대표 2부),150000
29,돌체구스토 네스프레소 캡슐커피 머신 비교 리뷰 가이드! 캡슐커피 머신 9년의 총 돌체구스토와 네스프레소 캡슐 커피 머신 사용 후기 총정리!,130000
30,"단점없는 에스프레소 커피머신 추천, 홈카페의 베스트! 브레빌 밤비노",130000
31,네스프레소 버츄오 네스프레소 시티즈 커피머신 비교 사용 추천. 가정용 캡슐 커피머신 추천.,130000
32,브레빌 커피머신 똑 닮았는데 가격은 반값?? 못참고 구입했습니다,130000
33,캡슐커피 제조사 찾아가서 좋은 캡슐머신과 캡슐커피는 뭔지 물어봤습니다 (캡슐커피 가격도 깎고 왔습니다!!),130000
34,가정용 에스프레소 머신 가찌아 클래식의 신모델!! 가찌아 클래식프로 리뷰,120000
35,카페 사장이 알려주는 가성비좋은 가격대별 커피머신 베스트 10,120000
36,꼭 알고 가세요! 커피 맛이 정말 다릅니다! 홈카페 하기 적당히(?) 비싼 '브레빌' 에스프레소 머신 [바리스타 프로 BES878] 리뷰☕,120000
37,가정용 커피 그라인더 구입할때 알면 좋은 꿀팁!!,110000
38,[ENG sub]어중간한 커피머신 보다 훨씬 좋다!! 수동 에스프레소 추출기구 플레어 프로2 - flair pro2,110000
39,맥널티 에스프레소 머신 모든것 [맥널티커피 머신],110000
40,철이 없었죠.. 최준패러디를 하려고 커피머신을 샀다는 게.. 사무실 오픈하고 제일 잘 산(?) 드롱기 전자동 머신 + 카페 사장님에게 배운 핵존맛 레시피!,110000
41,캡슐 커피머신 돌체구스토 사용법과 리뷰(네스카페 돌체구스토 미니미),110000
42,"99,000원짜리 에스프레소 머신에서도 이런 에스프레소 뽑을 수 있습니다",100000
43,가정용 에스프레소 머신 사지마세요,100000
44,"필립스 커피머신 세척,청소,소모품 사용 및 관리방법",100000
45,요즘 홈카페 커피머신 수준,100000
46,그래서 가정용 에스프레소 머신 끝판 대장이 뭐요?!! 네.. 답을 드릴게요.,970000
47,드롱기 커피머신 장단점 비교 및 사용법 공개,970000
48,"네스프레소 사고싶어지는 영상 | ☕️ 에스프레소 머신, 네스프레소를 사야하는 이유 | Nespresso pods",960000
49,커피깎이 - 얼른 사세요 바로 품절 예상되는 가성비 갑 커피 그라인더 깎아왔습니다,940000
50,맥널티 홈카페용 가정용에스프레소 머신! 2탄! 스티밍의 능력은 어느정도일까?,880000
51,네스프레소 에센자미니 vs 일리커피머신 둘 중 뭐사지?,870000
52,홈카페 입문자들에게 추천하는 가정용 에스프레소 머신과 그라인더 (남자커피),820000
53,위즈웰 전동 커피 그라인더 싸다고 무시했는데 성능봐라?? - 보랄 커피머신과 추출해봤습니다,810000
54,집에 이거 하나 있으면 소원이 없겠다 - 디센트,810000
55,커피 머신만 4대째 구매하고 정착한 제품은?,80000
56,마 이게 하이엔드 홈카페 에스프레소 머신이다 - 크렘 원,790000
57,미친 가성비 머신이 뭔지 정답을 알려드림! 나라면 브레빌 안쓴다!,790000
58,커피에 진심이신 사장님의 카페를 찾아가서 홈카페 그라인더 추천을 부탁했습니다.,750000
